Year,Name,playerType,...3,Voted By,Type,Votes,% of Ballots,playerid,debut,finalGame,MidSeason
2022,Gil Hodges,Batter,1924-1972,Golden Days Era,Player,NA,NA,hodgegi01,1943-10-03,1963-05-05,1953
2022,Jim Kaat,Pitcher,1938-Living,Golden Days Era,Player,NA,NA,kaatji01,1959-08-02,1983-07-01,1971
2022,Minnie Minoso,Batter,1923-2015,Golden Days Era,Player,NA,NA,minosmi01,1949-04-19,1980-10-05,1964.5
2022,Tony Oliva,Batter,1938-Living,Golden Days Era,Player,NA,NA,olivato01,1962-09-09,1976-09-29,1969
2022,David Ortiz,Batter,1975-Living,BBWAA,Player,307,77.9%,ortizda01,1997-09-02,2016-10-02,2006.5
2020,Derek Jeter,Batter,1974-Living,BBWAA,Player,396,99.7%,jeterde01,1995-05-29,2014-09-28,2004.5
2020,Ted Simmons,Batter,1949-Living,Veterans,Player,NA,NA,simmote01,1968-09-21,1988-10-02,1978
2020,Larry Walker,Batter,1966-Living,BBWAA,Player,304,76.6%,walkela01,1989-08-16,2005-10-02,1997
2019,Harold Baines,Batter,1959-Living,Today's Game Era,Player,NA,NA,baineha01,1980-04-10,2001-09-27,1990.5
2019,Roy Halladay,Pitcher,1977-2017,BBWAA,Player,363,85.4%,hallaro01,1998-09-20,2013-09-23,2005.5
2019,Edgar Martinez,Batter,1963-Living,BBWAA,Player,363,85.4%,martied01,1987-09-12,2004-10-03,1995.5
2019,Mike Mussina,Pitcher,1968-Living,BBWAA,Player,326,76.7%,mussimi01,1991-08-04,2008-09-28,1999.5
2019,Mariano Rivera,Pitcher,1969-Living,BBWAA,Player,425,100.0%,riverma01,1995-05-23,2013-09-26,2004
2019,Lee Smith,Pitcher,1957-Living,Today's Game Era,Player,NA,NA,smithle02,1980-09-01,1997-07-02,1988.5
2018,Vladimir Guerrero,Batter,1975-Living,BBWAA,Player,392,92.9%,guerrvl01,1996-09-19,2011-09-28,2003.5
2018,Trevor Hoffman,Pitcher,1967-Living,BBWAA,Player,337,79.9%,hoffmtr01,1993-04-06,2010-09-29,2001.5
2018,Chipper Jones,Batter,1972-Living,BBWAA,Player,410,97.2%,jonesch06,1993-09-11,2012-10-03,2002.5
2018,Jack Morris,Pitcher,1955-Living,Modern Baseball Era,Player,NA,NA,morrija02,1977-07-26,1994-08-07,1985.5
2018,Jim Thome,Batter,1970-Living,BBWAA,Player,379,89.8%,thomeji01,1991-09-04,2012-10-03,2001.5
2018,Alan Trammell,Batter,1958-Living,Modern Baseball Era,Player,NA,NA,trammal01,1977-09-09,1996-09-29,1986.5
2017,Jeff Bagwell,Batter,1968-Living,BBWAA,Player,381,86.2%,bagweje01,1991-04-08,2005-10-02,1998
2017,Tim Raines,Batter,1959-Living,BBWAA,Player,380,86.0%,raineti01,1979-09-11,2002-09-29,1990.5
2017,Ivan Rodriguez,Batter,1971-Living,BBWAA,Player,336,76.0%,rodriiv01,1991-06-20,2011-09-28,2001
2016,Ken Griffey Jr.,Batter,1969-Living,BBWAA,Player,437,99.3%,griffke02,1989-04-03,2010-05-31,1999.5
2016,Mike Piazza,Batter,1968-Living,BBWAA,Player,365,83.0%,piazzmi01,1992-09-01,2007-09-30,1999.5
2015,Craig Biggio,Batter,1965-Living,BBWAA,Player,454,82.7%,biggicr01,1988-06-26,2007-09-30,1997.5
2015,Randy Johnson,Pitcher,1963-Living,BBWAA,Player,534,97.3%,johnsra05,1988-09-15,2009-10-04,1998.5
2015,Pedro Martinez,Pitcher,1971-Living,BBWAA,Player,500,91.1%,martipe02,1992-09-24,2009-09-30,2000.5
2015,John Smoltz,Pitcher,1967-Living,BBWAA,Player,455,82.9%,smoltjo01,1988-07-23,2009-09-30,1998.5
2014,Tom Glavine,Pitcher,1966-Living,BBWAA,Player,525,91.9%,glavito02,1987-08-17,2008-08-14,1997.5
2014,Greg Maddux,Pitcher,1966-Living,BBWAA,Player,555,97.2%,maddugr01,1986-09-03,2008-09-27,1997
2014,Frank Thomas,Batter,1968-Living,BBWAA,Player,478,83.7%,thomafr04,1990-08-02,2008-08-29,1999
2013,Deacon White,Batter,1847-1939,Pre-Integration Era,Player,NA,NA,whitede01,1871-05-04,1890-10-04,1880.5
2012,Barry Larkin,Batter,1964-Living,BBWAA,Player,495,86.4%,larkiba01,1986-08-13,2004-10-03,1995
2012,Ron Santo,Batter,1940-2010,Golden Era,Player,NA,NA,santoro01,1960-06-26,1974-09-29,1967
2011,Roberto Alomar,Batter,1968-Living,BBWAA,Player,523,90.0%,alomaro01,1988-04-22,2004-09-05,1996
2011,Bert Blyleven,Pitcher,1951-Living,BBWAA,Player,463,79.7%,blylebe01,1970-06-05,1992-10-04,1981
2010,Andre Dawson,Batter,1954-Living,BBWAA,Player,420,77.9%,dawsoan01,1976-09-11,1996-09-29,1986
2009,Joe Gordon,Batter,1915-1978,Veterans,Player,NA,NA,gordojo01,1938-04-18,1950-09-30,1944
2009,Rickey Henderson,Batter,1958-Living,BBWAA,Player,511,94.8%,henderi01,1979-06-24,2003-09-19,1991
2009,Jim Rice,Batter,1953-Living,BBWAA,Player,412,76.4%,riceji01,1974-08-19,1989-08-03,1981.5
2008,Rich Gossage,Pitcher,1951-Living,BBWAA,Player,466,85.8%,gossari01,1972-04-16,1994-08-08,1983
2007,Tony Gwynn,Batter,1960-2014,BBWAA,Player,532,97.6%,gwynnto01,1982-07-19,2001-10-07,1991.5
2007,Cal Ripken Jr.,Batter,1960-Living,BBWAA,Player,537,98.5%,ripkeca01,1981-08-10,2001-10-06,1991
2006,Ray Brown,Pitcher,1908-1965,Negro League,Player,NA,NA,brownra99,NA,NA,NA
2006,Willard Brown,,1915-1996,Negro League,Player,NA,NA,brownwi02,1947-07-19,1947-08-17,1947
2006,Andy Cooper,,1897-1941,Negro League,Player,NA,NA,coopean99,NA,NA,NA
2006,Pete Hill,,1882-1951,Negro League,Player,NA,NA,hillpe99,NA,NA,NA
2006,Biz Mackey,,1897-1965,Negro League,Player,NA,NA,mackebi99,NA,NA,NA
2006,José Méndez,,1885-1928,Negro League,Player,NA,NA,mendejo99,NA,NA,NA
2006,Louis Santop,,1889-1942,Negro League,Player,NA,NA,santolo99,NA,NA,NA
2006,Bruce Sutter,Pitcher,1953-2022,BBWAA,Player,400,76.9%,suttebr01,1976-05-09,1988-09-09,1982
2006,Mule Suttles,,1901-1966,Negro League,Player,NA,NA,suttlmu99,NA,NA,NA
2006,Ben Taylor,,1888-1953,Negro League,Player,NA,NA,taylobe99,NA,NA,NA
2006,Cristóbal Torriente,,1893-1938,Negro League,Player,NA,NA,torricr99,NA,NA,NA
2006,Jud Wilson,,1896-1963,Negro League,Player,NA,NA,wilsoju99,NA,NA,NA
2005,Wade Boggs,Batter,1958-Living,BBWAA,Player,474,91.9%,boggswa01,1982-04-10,1999-08-27,1990.5
2005,Ryne Sandberg,Batter,1959-Living,BBWAA,Player,393,76.2%,sandbry01,1981-09-02,1997-09-28,1989
2004,Dennis Eckersley,Pitcher,1954-Living,BBWAA,Player,421,83.2%,eckerde01,1975-04-12,1998-09-26,1986.5
2004,Paul Molitor,Batter,1956-Living,BBWAA,Player,431,85.2%,molitpa01,1978-04-07,1998-09-27,1988
2003,Gary Carter,Batter,1954-2012,BBWAA,Player,387,78.0%,cartega01,1974-09-16,1992-09-27,1983
2003,Eddie Murray,Batter,1956-Living,BBWAA,Player,423,85.3%,murraed02,1977-04-07,1997-09-20,1987
2002,Ozzie Smith,Batter,1954-Living,BBWAA,Player,433,91.7%,smithoz01,1978-04-07,1996-09-29,1987
2001,Bill Mazeroski,Batter,1936-Living,Veterans,Player,NA,NA,mazerbi01,1956-07-07,1972-10-04,1964
2001,Kirby Puckett,Batter,1960-2006,BBWAA,Player,423,82.1%,puckeki01,1984-05-08,1995-09-28,1989.5
2001,Hilton Smith,,1907-1983,Veterans,Player,NA,NA,smithhi99,NA,NA,NA
2001,Dave Winfield,Batter,1951-Living,BBWAA,Player,435,84.5%,winfida01,1973-06-19,1995-10-01,1984
2000,Carlton Fisk,Batter,1947-Living,BBWAA,Player,397,79.6%,fiskca01,1969-09-18,1993-06-22,1981
2000,Bid McPhee,,1859-1943,Veterans,Player,NA,NA,mcphebi01,1882-05-02,1899-10-15,1890.5
2000,Tony Perez,Batter,1942-Living,BBWAA,Player,385,77.2%,perezto01,1964-07-26,1986-10-05,1975
2000,Turkey Stearnes,,1901-1979,Veterans,Player,NA,NA,steartu99,NA,NA,NA
1999,George Brett,Batter,1953-Living,BBWAA,Player,488,98.2%,brettge01,1973-08-02,1993-10-03,1983
1999,Orlando Cepeda,Batter,1937-Living,Veterans,Player,NA,NA,cepedor01,1958-04-15,1974-09-19,1966
1999,Nolan Ryan,Pitcher,1947-Living,BBWAA,Player,491,98.8%,ryanno01,1966-09-11,1993-09-22,1979.5
1999,Joe Williams,,1886-1951,Veterans,Player,NA,NA,willijo99,NA,NA,NA
1999,Robin Yount,Batter,1955-Living,BBWAA,Player,385,77.5%,yountro01,1974-04-05,1993-10-03,1983.5
1998,George Davis,,1870-1940,Veterans,Player,NA,NA,davisge01,1890-04-19,1909-08-15,1899.5
1998,Larry Doby,,1923-2003,Veterans,Player,NA,NA,dobyla01,1947-07-05,1959-07-26,1953
1998,Bullet Rogan,,1893-1967,Veterans,Player,NA,NA,roganbu99,NA,NA,NA
1998,Don Sutton,Pitcher,1945-2021,BBWAA,Player,386,81.6%,suttodo01,1966-04-14,1988-08-09,1977
1997,Nellie Fox,Batter,1927-1975,Veterans,Player,NA,NA,foxne01,1947-06-08,1965-07-25,1956
1997,Phil Niekro,Pitcher,1939-2020,BBWAA,Player,380,80.3%,niekrph01,1964-04-15,1987-09-27,1975.5
1997,Willie Wells,,1904-1989,Veterans,Player,NA,NA,wellswi99,NA,NA,NA
1996,Jim Bunning,Pitcher,1931-2017,Veterans,Player,NA,NA,bunniji01,1955-07-20,1971-09-03,1963
1996,Bill Foster,,1904-1978,Veterans,Player,NA,NA,fostebi99,NA,NA,NA
1995,Richie Ashburn,Batter,1927-1997,Veterans,Player,NA,NA,ashburi01,1948-04-20,1962-09-30,1955
1995,Leon Day,,1916-1995,Veterans,Player,NA,NA,dayle99,NA,NA,NA
1995,Mike Schmidt,Batter,1949-Living,BBWAA,Player,444,96.5%,schmimi01,1972-09-12,1989-05-28,1980.5
1995,Vic Willis,,1876-1947,Veterans,Player,NA,NA,willivi01,1898-04-20,1910-09-05,1904
1994,Steve Carlton,Pitcher,1944-Living,BBWAA,Player,436,95.6%,carltst01,1965-04-12,1988-04-23,1976.5
1994,Phil Rizzuto,Batter,1917-2007,Veterans,Player,NA,NA,rizzuph01,1941-04-14,1956-08-16,1948.5
1993,Reggie Jackson,Batter,1946-Living,BBWAA,Player,396,93.6%,jacksre01,1967-06-09,1987-10-04,1977
1992,Rollie Fingers,Pitcher,1946-Living,BBWAA,Player,349,81.2%,fingero01,1968-09-15,1985-09-17,1976.5
1992,Hal Newhouser,,1921-1998,Veterans,Player,NA,NA,newhoha01,1939-09-29,1955-05-03,1947
1992,Tom Seaver,Pitcher,1944-2020,BBWAA,Player,425,98.8%,seaveto01,1967-04-13,1986-09-19,1976.5
1991,Rod Carew,Batter,1945-Living,BBWAA,Player,401,90.5%,carewro01,1967-04-11,1985-10-05,1976
1991,Fergie Jenkins,Pitcher,1942-Living,BBWAA,Player,334,75.4%,jenkife01,1965-09-10,1983-09-26,1974
1991,Tony Lazzeri,,1903-1946,Veterans,Player,NA,NA,lazzeto01,1926-04-13,1939-06-07,1932.5
1991,Gaylord Perry,Pitcher,1938-Living,BBWAA,Player,342,77.2%,perryga01,1962-04-14,1983-09-21,1972.5
1990,Joe Morgan,Batter,1943-2020,BBWAA,Player,363,81.8%,morgajo02,1963-09-21,1984-09-30,1973.5
1990,Jim Palmer,Pitcher,1945-Living,BBWAA,Player,411,92.6%,palmeji01,1965-04-17,1984-05-12,1974.5
1989,Johnny Bench,Batter,1947-Living,BBWAA,Player,431,96.4%,benchjo01,1967-08-28,1983-09-29,1975
1989,Red Schoendienst,Batter,1923-2018,Veterans,Player,NA,NA,schoere01,1945-04-17,1963-07-07,1954
1989,Carl Yastrzemski,Batter,1939-Living,BBWAA,Player,423,94.6%,yastrca01,1961-04-11,1983-10-02,1972
1988,Willie Stargell,Batter,1940-2001,BBWAA,Player,352,82.4%,stargwi01,1962-09-16,1982-10-03,1972
1987,Ray Dandridge,,1913-1994,Veterans,Player,NA,NA,dandrra99,NA,NA,NA
1987,Catfish Hunter,Pitcher,1946-1999,BBWAA,Player,315,76.3%,hunteca01,1965-05-13,1979-09-17,1972
1987,Billy Williams,Batter,1938-Living,BBWAA,Player,354,85.7%,willibi01,1959-08-06,1976-10-02,1967.5
1986,Bobby Doerr,,1918-2017,Veterans,Player,NA,NA,doerrbo01,1937-04-20,1951-09-07,1944
1986,Ernie Lombardi,,1908-1977,Veterans,Player,NA,NA,lombaer01,1931-04-15,1947-09-17,1939
1986,Willie McCovey,Batter,1938-2018,BBWAA,Player,346,81.4%,mccovwi01,1959-07-30,1980-07-06,1969.5
1985,Lou Brock,Batter,1939-2020,BBWAA,Player,315,79.7%,brocklo01,1961-09-10,1979-09-30,1970
1985,Enos Slaughter,Batter,1916-2002,Veterans,Player,NA,NA,slaugen01,1938-04-19,1959-09-29,1948.5
1985,Arky Vaughan,,1912-1952,Veterans,Player,NA,NA,vaughar01,1932-04-17,1948-09-22,1940
1985,Hoyt Wilhelm,Pitcher,1922-2002,BBWAA,Player,331,83.8%,wilheho01,1952-04-18,1972-07-10,1962
1984,Luis Aparicio,Batter,1934-Living,BBWAA,Player,341,84.6%,aparilu01,1956-04-17,1973-09-28,1964.5
1984,Don Drysdale,Pitcher,1936-1993,BBWAA,Player,316,78.4%,drysddo01,1956-04-17,1969-08-05,1962.5
1984,Rick Ferrell,,1905-1995,Veterans,Player,NA,NA,ferreri01,1929-04-19,1947-09-14,1938
1984,Harmon Killebrew,Batter,1936-2011,BBWAA,Player,335,83.1%,killeha01,1954-06-23,1975-09-26,1964.5
1984,Pee Wee Reese,Batter,1918-1999,Veterans,Player,NA,NA,reesepe01,1940-04-23,1958-09-26,1949
1983,George Kell,,1922-2009,Veterans,Player,NA,NA,kellge01,1943-09-28,1957-09-14,1950
1983,Juan Marichal,Pitcher,1937-Living,BBWAA,Player,313,83.7%,maricju01,1960-07-19,1975-04-16,1967.5
1983,Brooks Robinson,Batter,1937-Living,BBWAA,Player,344,92.0%,robinbr01,1955-09-17,1977-08-13,1966
1982,Henry Aaron,Batter,1934-2021,BBWAA,Player,406,97.8%,aaronha01,1954-04-13,1976-10-03,1965
1982,Travis Jackson,,1903-1987,Veterans,Player,NA,NA,jackstr01,1922-09-27,1936-09-24,1929
1982,Frank Robinson,Batter,1935-2019,BBWAA,Player,370,89.2%,robinfr02,1956-04-17,1976-09-18,1966
1981,Bob Gibson,Pitcher,1935-2020,BBWAA,Player,337,84.0%,gibsobo01,1959-04-15,1975-09-03,1967
1981,Johnny Mize,,1913-1993,Veterans,Player,NA,NA,mizejo01,1936-04-16,1953-09-26,1944.5
1980,Al Kaline,Batter,1934-2020,BBWAA,Player,340,88.3%,kalinal01,1953-06-25,1974-10-02,1963.5
1980,Chuck Klein,Batter,1904-1958,Veterans,Player,NA,NA,kleinch01,1928-07-30,1944-06-11,1936
1980,Duke Snider,Batter,1926-2011,BBWAA,Player,333,86.5%,snidedu01,1947-04-17,1964-10-03,1955.5
1979,Willie Mays,Batter,1931-Living,BBWAA,Player,409,94.7%,mayswi01,1951-05-25,1973-09-09,1962
1979,Hack Wilson,,1900-1948,Veterans,Player,NA,NA,wilsoha01,1923-09-29,1934-08-25,1928.5
1978,Addie Joss,,1880-1911,Veterans,Player,NA,NA,jossad01,1902-04-26,1910-07-25,1906
1978,Eddie Mathews,Batter,1931-2001,BBWAA,Player,301,79.4%,matheed01,1952-04-15,1968-09-27,1960
1977,Ernie Banks,Batter,1931-2015,BBWAA,Player,321,83.8%,bankser01,1953-09-17,1971-09-26,1962
1977,Martín Dihigo,,1905-1971,Negro League,Player,NA,NA,dihigma99,NA,NA,NA
1977,John Henry Lloyd,,1884-1964,Negro League,Player,NA,NA,lloydjo99,NA,NA,NA
1977,Amos Rusie,,1871-1942,Veterans,Player,NA,NA,rusieam01,1889-05-09,1901-06-09,1895
1977,Joe Sewell,,1898-1990,Veterans,Player,NA,NA,seweljo01,1920-09-10,1933-09-24,1926.5
1976,Oscar Charleston,,1896-1954,Negro League,Player,NA,NA,charlos99,NA,NA,NA
1976,Roger Connor,,1857-1931,Veterans,Player,NA,NA,connoro01,1880-05-01,1897-05-18,1888.5
1976,Bob Lemon,,1920-2000,BBWAA,Player,305,78.6%,lemonbo01,1941-09-09,1958-07-01,1949.5
1976,Freddie Lindstrom,,1905-1981,Veterans,Player,NA,NA,lindsfr01,1924-04-15,1936-05-15,1930
1976,Robin Roberts,Pitcher,1926-2010,BBWAA,Player,337,86.9%,roberro01,1948-06-18,1966-09-03,1957
1975,Earl Averill,,1902-1983,Veterans,Player,NA,NA,averiea01,1929-04-16,1941-04-25,1935
1975,Billy Herman,,1909-1992,Veterans,Player,NA,NA,hermabi01,1931-08-29,1947-08-01,1939
1975,Judy Johnson,,1899-1989,Negro League,Player,NA,NA,johnsju99,NA,NA,NA
1975,Ralph Kiner,,1922-2014,BBWAA,Player,273,75.4%,kinerra01,1946-04-16,1955-09-25,1950.5
1974,Cool Papa Bell,,1903-1991,Negro League,Player,NA,NA,bellco99,NA,NA,NA
1974,Jim Bottomley,,1900-1959,Veterans,Player,NA,NA,bottoji01,1922-08-18,1937-09-16,1929.5
1974,Whitey Ford,Pitcher,1928-2020,BBWAA,Player,284,77.8%,fordwh01,1950-07-01,1967-05-21,1958.5
1974,Mickey Mantle,Batter,1931-1995,BBWAA,Player,322,88.2%,mantlmi01,1951-04-17,1968-09-28,1959.5
1974,Sam Thompson,,1860-1922,Veterans,Player,NA,NA,thompsa01,1885-07-02,1906-09-10,1895.5
1973,Roberto Clemente,Batter,1934-1972,Special Election,Player,NA,NA,clemero01,1955-04-17,1972-10-03,1963.5
1973,Monte Irvin,,1919-2016,Negro League,Player,NA,NA,irvinmo01,1949-07-08,1956-09-30,1952.5
1973,George Kelly,,1895-1984,Veterans,Player,NA,NA,kellyge01,1915-08-18,1932-07-26,1923.5
1973,Warren Spahn,Pitcher,1921-2003,BBWAA,Player,316,83.2%,spahnwa01,1942-04-19,1965-10-01,1953.5
1973,Mickey Welch,,1859-1941,Veterans,Player,NA,NA,welchmi01,1880-05-01,1892-05-17,1886
1972,Yogi Berra,Batter,1925-2015,BBWAA,Player,339,85.6%,berrayo01,1946-09-22,1965-05-09,1955.5
1972,Josh Gibson,,1911-1947,Negro League,Player,NA,NA,gibsojo99,NA,NA,NA
1972,Lefty Gomez,,1908-1989,Veterans,Player,NA,NA,gomezle01,1930-04-29,1943-05-30,1936.5
1972,Sandy Koufax,Pitcher,1935-Living,BBWAA,Player,344,86.9%,koufasa01,1955-06-24,1966-10-02,1960.5
1972,Buck Leonard,,1907-1997,Negro League,Player,NA,NA,leonabu99,NA,NA,NA
1972,Early Wynn,,1920-1999,BBWAA,Player,301,76.0%,wynnea01,1939-09-13,1963-09-13,1951
1972,Ross Youngs,,1897-1927,Veterans,Player,NA,NA,youngro01,1917-09-25,1926-08-10,1921.5
1971,Dave Bancroft,,1891-1972,Veterans,Player,NA,NA,bancrda01,1915-04-14,1930-05-31,1922.5
1971,Jake Beckley,,1867-1918,Veterans,Player,NA,NA,becklja01,1888-06-20,1907-06-15,1897.5
1971,Chick Hafey,,1903-1973,Veterans,Player,NA,NA,hafeych01,1924-08-28,1937-09-30,1930.5
1971,Harry Hooper,,1887-1974,Veterans,Player,NA,NA,hoopeha01,1909-04-16,1925-10-04,1917
1971,Joe Kelley,,1871-1943,Veterans,Player,NA,NA,kellejo01,1891-07-27,1908-10-03,1899.5
1971,Rube Marquard,,1886-1980,Veterans,Player,NA,NA,marquru01,1908-09-25,1925-09-18,1916.5
1971,Satchel Paige,,1906-1982,Negro League,Player,NA,NA,paigesa01,1948-07-09,1965-09-25,1956.5
1970,Lou Boudreau,,1917-2001,BBWAA,Player,232,77.3%,boudrlo01,1938-09-09,1952-08-24,1945
1970,Earle Combs,,1899-1976,Veterans,Player,NA,NA,combsea01,1924-04-16,1935-09-29,1929.5
1970,Jesse Haines,,1893-1978,Veterans,Player,NA,NA,haineje01,1918-07-20,1937-09-10,1927.5
1969,Roy Campanella,Batter,1921-1993,BBWAA,Player,270,79.4%,camparo01,1948-04-20,1957-09-29,1952.5
1969,Stan Coveleski,,1889-1984,Veterans,Player,NA,NA,covelst01,1912-09-10,1928-08-03,1920
1969,Waite Hoyt,,1899-1984,Veterans,Player,NA,NA,hoytwa01,1918-07-24,1938-05-15,1928
1969,Stan Musial,Batter,1920-2013,BBWAA,Player,317,93.2%,musiast01,1941-09-17,1963-09-29,1952
1968,Kiki Cuyler,,1898-1950,Veterans,Player,NA,NA,cuyleki01,1921-09-29,1938-09-14,1929.5
1968,Goose Goslin,,1900-1971,Veterans,Player,NA,NA,gosligo01,1921-09-16,1938-09-25,1929.5
1968,Joe Medwick,,1911-1975,BBWAA,Player,240,84.8%,medwijo01,1932-09-02,1948-07-25,1940
1967,Red Ruffing,,1905-1986,Run Off,Player,266,86.9%,ruffire01,1924-05-31,1947-09-15,1935.5
1967,Lloyd Waner,,1906-1982,Veterans,Player,NA,NA,wanerll01,1927-04-12,1945-09-16,1936
1966,Ted Williams,Batter,1918-2002,BBWAA,Player,282,93.4%,willite01,1939-04-20,1960-09-28,1949.5
1965,Pud Galvin,,1856-1902,Veterans,Player,NA,NA,galvipu01,1875-05-22,1892-08-02,1883.5
1964,Luke Appling,,1907-1991,Run Off,Player,189,94.0%,applilu01,1930-09-10,1950-10-01,1940
1964,Red Faber,,1888-1976,Veterans,Player,NA,NA,faberre01,1914-04-17,1933-09-20,1923.5
1964,Burleigh Grimes,,1893-1985,Veterans,Player,NA,NA,grimebu01,1916-09-10,1934-09-20,1925
1964,Tim Keefe,,1857-1933,Veterans,Player,NA,NA,keefeti01,1880-08-06,1893-08-15,1886.5
1964,Heinie Manush,,1901-1971,Veterans,Player,NA,NA,manushe01,1923-04-20,1939-05-22,1931
1964,John Ward,,1860-1925,Veterans,Player,NA,NA,wardjo01,1878-07-15,1894-09-29,1886
1963,John Clarkson,,1861-1909,Veterans,Player,NA,NA,clarkjo01,1882-05-02,1894-07-12,1888
1963,Elmer Flick,,1876-1971,Veterans,Player,NA,NA,flickel01,1898-04-26,1910-07-04,1904
1963,Sam Rice,,1890-1974,Veterans,Player,NA,NA,ricesa01,1915-08-07,1934-09-18,1924.5
1963,Eppa Rixey,,1891-1963,Veterans,Player,NA,NA,rixeyep01,1912-06-21,1933-08-05,1922.5
1962,Bob Feller,,1918-2010,BBWAA,Player,150,93.8%,fellebo01,1936-07-19,1956-09-30,1946
1962,Jackie Robinson,Batter,1919-1972,BBWAA,Player,124,77.5%,robinja02,1947-04-15,1956-09-30,1951.5
1962,Edd Roush,,1893-1988,Veterans,Player,NA,NA,roushed01,1913-08-20,1931-09-27,1922
1961,Max Carey,,1890-1976,Veterans,Player,NA,NA,careyma01,1910-10-03,1929-09-29,1919.5
1961,Billy Hamilton,,1866-1940,Veterans,Player,NA,NA,hamilbi01,1888-07-31,1901-09-16,1894.5
1959,Zack Wheat,,1888-1972,Veterans,Player,NA,NA,wheatza01,1909-09-11,1927-09-21,1918
1957,Sam Crawford,,1880-1968,Veterans,Player,NA,NA,crawfsa01,1899-09-10,1917-09-16,1908
1956,Joe Cronin,,1906-1984,BBWAA,Player,152,78.8%,cronijo01,1926-04-29,1945-04-19,1935.5
1956,Hank Greenberg,Batter,1911-1986,BBWAA,Player,164,85.0%,greenha01,1930-09-14,1947-09-18,1938.5
1955,Home Run Baker,Batter,1886-1963,Veterans,Player,NA,NA,bakerfr01,1908-09-21,1922-09-29,1915
1955,Joe DiMaggio,Batter,1914-1999,BBWAA,Player,223,88.8%,dimagjo01,1936-05-03,1951-09-30,1943.5
1955,Gabby Hartnett,,1900-1972,BBWAA,Player,195,77.7%,hartnga01,1922-04-12,1941-09-24,1931.5
1955,Ted Lyons,,1900-1986,BBWAA,Player,217,86.5%,lyonste01,1923-07-02,1946-05-19,1934.5
1955,Ray Schalk,,1892-1970,Veterans,Player,NA,NA,schalra01,1912-08-11,1929-09-15,1920.5
1955,Dazzy Vance,,1891-1961,BBWAA,Player,205,81.7%,vanceda01,1915-04-16,1935-08-14,1925
1954,Bill Dickey,,1907-1993,BBWAA,Player,202,80.2%,dickebi01,1928-08-15,1946-09-08,1937
1954,Rabbit Maranville,,1891-1954,BBWAA,Player,209,82.9%,maranra01,1912-09-10,1935-09-29,1923.5
1954,Bill Terry,,1898-1989,BBWAA,Player,195,77.4%,terrybi01,1923-09-24,1936-09-22,1929.5
1953,Charles Bender,,1884-1954,Veterans,Player,NA,NA,bendech01,1903-04-20,1925-07-21,1914
1953,Dizzy Dean,,1910-1974,BBWAA,Player,209,79.2%,deandi01,1930-09-28,1947-09-28,1938.5
1953,Al Simmons,,1902-1956,BBWAA,Player,199,75.4%,simmoal01,1924-04-15,1944-07-01,1934
1953,Bobby Wallace,,1873-1960,Veterans,Player,NA,NA,wallabo01,1894-09-15,1918-09-02,1906
1952,Harry Heilmann,,1894-1951,BBWAA,Player,203,86.8%,heilmha01,1914-05-16,1932-05-31,1923
1952,Paul Waner,,1903-1965,BBWAA,Player,195,83.3%,wanerpa01,1926-04-13,1945-04-26,1935.5
1951,Jimmie Foxx,,1907-1967,BBWAA,Player,179,79.2%,foxxji01,1925-05-01,1945-09-23,1935
1951,Mel Ott,,1909-1958,BBWAA,Player,197,87.2%,ottme01,1926-04-27,1947-07-11,1936.5
1949,Mordecai Brown,,1876-1948,Old Timers,Player,NA,NA,brownmo01,1903-04-19,1916-09-04,1909.5
1949,Charlie Gehringer,,1903-1993,Run Off,Player,159,85.0%,gehrich01,1924-09-22,1942-09-27,1933
1949,Kid Nichols,,1869-1953,Old Timers,Player,NA,NA,nichoki01,1890-04-23,1906-05-18,1898
1948,Herb Pennock,,1894-1948,BBWAA,Player,94,77.7%,pennohe01,1912-05-14,1934-08-27,1923
1948,Pie Traynor,,1898-1972,BBWAA,Player,93,76.9%,traynpi01,1920-09-15,1937-08-14,1928.5
1947,Mickey Cochrane,,1903-1962,BBWAA,Player,128,79.5%,cochrmi01,1925-04-14,1937-05-25,1931
1947,Frankie Frisch,,1897-1973,BBWAA,Player,136,84.5%,friscfr01,1919-06-17,1937-08-05,1928
1947,Lefty Grove,,1900-1975,BBWAA,Player,123,76.4%,grovele01,1925-04-14,1941-09-28,1933
1947,Carl Hubbell,,1903-1988,BBWAA,Player,140,87.0%,hubbeca01,1928-07-26,1943-08-24,1935.5
1946,Jesse Burkett,,1868-1953,Old Timers,Player,NA,NA,burkeje01,1890-04-22,1905-10-07,1897.5
1946,Frank Chance,,1876-1924,Old Timers,Player,NA,NA,chancfr01,1898-04-29,1914-04-21,1906
1946,Jack Chesbro,,1874-1931,Old Timers,Player,NA,NA,chesbja01,1899-07-12,1909-10-02,1904
1946,Johnny Evers,,1881-1947,Old Timers,Player,NA,NA,eversjo01,1902-09-01,1929-10-06,1915.5
1946,Tommy McCarthy,,1863-1922,Old Timers,Player,NA,NA,mccarto01,1884-07-10,1896-09-26,1890
1946,Joe McGinnity,,1871-1929,Old Timers,Player,NA,NA,mcginjo01,1899-04-18,1908-10-05,1903.5
1946,Eddie Plank,,1875-1926,Old Timers,Player,NA,NA,planked01,1901-05-13,1917-08-06,1909
1946,Joe Tinker,,1880-1948,Old Timers,Player,NA,NA,tinkejo01,1902-04-17,1916-09-22,1909
1946,Rube Waddell,,1876-1914,Old Timers,Player,NA,NA,wadderu01,1897-09-08,1910-08-01,1903.5
1946,Ed Walsh,,1881-1959,Old Timers,Player,NA,NA,walshed01,1904-05-07,1917-09-11,1910.5
1945,Roger Bresnahan,,1879-1944,Old Timers,Player,NA,NA,bresnro01,1897-08-27,1915-10-03,1906
1945,Dan Brouthers,,1858-1932,Old Timers,Player,NA,NA,broutda01,1879-06-23,1904-10-04,1891.5
1945,Fred Clarke,,1872-1960,Old Timers,Player,NA,NA,clarkfr01,1894-06-30,1915-09-23,1904.5
1945,Jimmy Collins,,1870-1943,Old Timers,Player,NA,NA,colliji01,1895-04-19,1908-08-29,1901.5
1945,Ed Delahanty,,1867-1903,Old Timers,Player,NA,NA,delahed01,1888-05-22,1903-06-25,1895.5
1945,Hugh Duffy,,1866-1954,Old Timers,Player,NA,NA,duffyhu01,1888-06-23,1906-04-13,1897
1945,Hughie Jennings,,1869-1928,Old Timers,Player,NA,NA,jennihu01,1891-06-01,1918-09-02,1904.5
1945,King Kelly,,1857-1894,Old Timers,Player,NA,NA,kellyki01,1878-05-01,1893-09-02,1885.5
1945,Jim O'Rourke,,1850-1919,Old Timers,Player,NA,NA,o'rouji01,1872-04-26,1904-09-22,1888
1942,Rogers Hornsby,,1896-1963,BBWAA,Player,182,78.1%,hornsro01,1915-09-10,1937-07-20,1926
1939,Cap Anson,,1852-1922,Old Timers,Player,NA,NA,ansonca01,1871-05-06,1897-10-03,1884
1939,Eddie Collins,,1887-1951,BBWAA,Player,213,77.7%,collied01,1906-09-17,1930-08-05,1918
1939,Buck Ewing,,1859-1906,Old Timers,Player,NA,NA,ewingbu01,1880-09-09,1897-05-27,1888.5
1939,Lou Gehrig,,1903-1941,Special Election,Player,NA,NA,gehrilo01,1923-06-15,1939-04-30,1931
1939,Willie Keeler,,1872-1923,BBWAA,Player,207,75.5%,keelewi01,1892-09-30,1910-09-05,1901
1939,Old Hoss Radbourn,,1854-1897,Old Timers,Player,NA,NA,radboch01,1880-05-05,1891-08-11,1885.5
1939,George Sisler,,1893-1973,BBWAA,Player,235,85.8%,sislege01,1915-06-28,1930-09-22,1922.5
1938,Pete Alexander,,1887-1950,BBWAA,Player,212,80.9%,alexape01,1911-04-15,1930-05-28,1920.5
1937,Nap Lajoie,,1874-1959,BBWAA,Player,168,83.6%,lajoina01,1896-08-12,1916-08-26,1906
1937,Tris Speaker,,1888-1958,BBWAA,Player,165,82.1%,speaktr01,1907-09-12,1928-08-30,1917.5
1937,Cy Young,,1867-1955,BBWAA,Player,153,76.1%,youngcy01,1890-08-06,1911-10-06,1900.5
1936,Ty Cobb,,1886-1961,BBWAA,Player,222,98.2%,cobbty01,1905-08-30,1928-09-11,1916.5
1936,Walter Johnson,,1887-1946,BBWAA,Player,189,83.6%,johnswa01,1907-08-02,1927-09-30,1917
1936,Christy Mathewson,,1880-1925,BBWAA,Player,205,90.7%,mathech01,1900-07-17,1916-09-04,1908
1936,Babe Ruth,,1895-1948,BBWAA,Player,215,95.1%,ruthba01,1914-07-11,1935-05-30,1924.5
1936,Honus Wagner,,1874-1955,BBWAA,Player,215,95.1%,wagneho01,1897-07-19,1917-09-17,1907